﻿{
  "_import": "/Layouts/List/Breakpoints.Medium.json",
  "breakpoints": [
     {
      "maxwidth": "318",
      "properties": {
        "itemsHeight": "200",
        "imageHeight": "100",
        "titleMaxLines": "2"
      }
    },
    {
      "maxwidth": "470",
      "properties": {
        "itemsHeight": "240",
        "imageHeight": "120",
        "titleMaxLines": "2"
      }
    },
    {
      "maxwidth": "1170",
      "properties": {
        "itemsHeight": "240",
        "imageHeight": "120",
        "titleMaxLines": "2"
      }
    },
    {
      "maxwidth": "1460",
      "properties": {
        "itemsHeight": "280",
        "imageHeight": "160",
        "titleMaxLines": "2"
      }
    },
    {
      "maxwidth": "1825",
      "properties": {
        "itemsHeight": "350",
        "imageHeight": "210",
        "titleMaxLines": "2"
      }
    },
    {
      "maxwidth": "*",
      "properties": {
        "itemsHeight": "400",
        "imageHeight": "240",
        "titleMaxLines": "3"
      }
    }
  ]
}
